{
  "Ucf788227d7b93432bfd4e35041718209": {
    "user_id": "Ucf788227d7b93432bfd4e35041718209",
    "name": "陳正平",
    "picture_url": "https://sprofile.line-scdn.net/0hdm_ZpAnYO0JyIy9XT6xFPQJzOChRUmJQWRZyIxMqYnJOEXoSXUZ8JxIqZXodFXoQChd9JhIgZ3J-MEwkbHXHdnUTZnNOFXUVWU1zpQ",
    "member_level": "初級金融",
    "quiz_record": {
      "last_date": "",
      "correct_count": 0,
      "total_count": 0,
      "passed_count": 0
    }
  },
  "U7ed2d7ae9133ed13c3e21feebed1bcbf": {
    "user_id": "U7ed2d7ae9133ed13c3e21feebed1bcbf",
    "name": "獺獺 / Gina®",
    "picture_url": "https://sprofile.line-scdn.net/0h90HUesBvZh9lLHeEpIcYIRV8ZXVGXT8NHE97LVIrayxZTiQaSR15KQR-OHgLHydKTE8hfll8aylHe1FMMjctexVPeF8DWmVLAEp5PjRuXCoTeWMQNC5qPjlfZUwRQEYxDk1LeThbe3s_SFdAFQ5rcCpHPEwteFNVDnsKSWAeCJwKLhFKSEsvcFErMCjZ",
    "member_level": "高級金融",
    "quiz_record": {
      "last_date": "",
      "correct_count": 0,
      "total_count": 0,
      "passed_count": 0
    }
  }
}